x0,x1,y,split
0.872494177016332,0.7392522461206744,1.0,train
0.6508879111975846,0.37813707218392356,0.0,train
0.2285053362856645,0.49369422313431044,0.0,train
0.03787987683390581,0.75621469395036,1.0,train
0.5423462850244849,0.15941732368976647,1.0,train
0.9639648382152808,0.5665544762787303,1.0,train
0.7989976377820628,0.3309645206215879,0.0,train
0.33322167878251285,0.4423374345059796,0.0,train
0.5309287196120615,0.7446948034976851,1.0,train
0.49369101677400484,0.4764436509008505,0.0,train
0.3876221219017367,0.5968245055022974,0.0,train
0.853662000665691,0.9772545199168292,1.0,train
0.14618819780045267,0.610986828351236,0.0,train
0.6566098126003642,0.3180037217799423,0.0,train
0.6102463718692784,0.42150724267750306,0.0,train
0.6971401120968459,0.6074807138637829,0.0,train
0.8507567312514891,0.8103007552452841,1.0,train
0.008336596673857666,0.6301335849766655,1.0,train
0.11935978441930672,0.6287059525266903,0.0,train
0.38602497987480777,0.8866988752418933,1.0,train
0.9271269062594255,0.12516397496801035,1.0,train
0.7743976698175868,0.11621890514693578,1.0,train
0.222178042895402,0.3760158239375845,0.0,train
0.27818550476073545,0.5615832647847668,0.0,train
0.8479448875445555,0.8097535300908483,1.0,train
0.7247206647630487,0.2887086906839248,0.0,train
0.8311063283875636,0.7452747475312043,1.0,train
0.09374175509080929,0.5771517556365217,0.0,train
0.3060165669791921,0.9157164925156641,1.0,train
0.19183905120874245,0.5706669448069116,0.0,train
0.05999147003681682,0.4424383110339155,0.0,train
0.9033464204288861,0.5902253819986957,0.0,train
0.7761315332929469,0.010277677476210334,1.0,train
0.4969779649480003,0.42813599967802685,0.0,train
0.6617671631985944,0.023419956974286005,1.0,train
0.970443173471993,0.6036249493933575,1.0,train
0.9841936253109164,0.6652215665019039,1.0,train
0.0663438380764283,0.2696603379438748,1.0,train
0.8119777092086979,0.5757647225951597,0.0,train
0.16472458558461978,0.5763730944982862,0.0,train
0.9519784319249756,0.09853969361646797,1.0,train
0.505170984414353,0.705237011205632,0.0,train
0.12274559145914987,0.37405684103242953,0.0,train
0.3229638474667036,0.8495175047145209,1.0,train
0.9827442960011503,0.31305530910496804,1.0,train
0.5201198257100047,0.7483497717279306,1.0,train
0.355853667256108,0.6350753620223141,0.0,train
0.28365084237382787,0.09775479687967559,1.0,train
0.4563959431777258,0.5167532490862374,0.0,train
0.5555107720960759,0.42467598080754476,0.0,train
0.17039668945537512,0.6885861797621081,0.0,train
0.16946082956235486,0.3575876667991269,0.0,train
0.10459876380646305,0.8725584373955592,1.0,train
0.05098010588449309,0.9286640093396755,1.0,train
0.6122776489459636,0.015485224633773997,1.0,train
0.1277006655934917,0.14219096377748475,1.0,train
0.1281070102226367,0.8016110762990931,1.0,train
0.3588377803179219,0.6163145264553057,0.0,train
0.8474705130386938,0.46631934648400264,0.0,train
0.5329843507164299,0.46651664314680164,0.0,train
0.14617074665997543,0.09755775031367375,1.0,train
0.8046438639847908,0.6223625054601583,0.0,train
0.061153850052939274,0.1245734757100776,1.0,train
0.05095218196178464,0.48792418149503347,0.0,train
0.7340938648664046,0.6798550394706327,0.0,train
0.29404947791394753,0.1559555745666924,1.0,train
0.24374079015856787,0.8533825526497774,1.0,train
0.03329343116933281,0.2393626596878068,1.0,train
0.19325225125174295,0.7350681569306425,1.0,train
0.18266062681041018,0.5701422304095946,0.0,train
0.4422911229645462,0.6471697681147184,0.0,train
0.4651880227978801,0.07138837599717351,1.0,train
0.42670265848478817,0.07169114371826657,1.0,train
0.6430361916577504,0.8018137930326193,1.0,train
0.006763759110141376,0.6163833672896009,1.0,train
0.8219876444049142,0.7421014900671913,1.0,train
0.7941022195922026,0.2739460453083288,1.0,train
0.6380672568365043,0.11621113386213267,1.0,train
0.06946338820478282,0.18098108249812828,1.0,train
0.37734288967947627,0.2349319836886663,1.0,train
0.3087369629133421,0.5777690217534686,0.0,train
0.00015659405962553663,0.18231681033706648,1.0,train
0.2388187490026762,0.32653901787597517,0.0,train
0.0022342931845914515,0.7167609701555898,1.0,train
0.20255469596331555,0.7131406532983856,1.0,train
0.6836433961801582,0.07715108580418872,1.0,train
0.12781884545668376,0.4630947695983464,0.0,train
0.8178586911903778,0.16876278087070506,1.0,train
0.7022995041065135,0.32935319126353624,0.0,train
0.9067021679025721,0.1444649444373578,1.0,train
0.6474696638614066,0.276287055371231,1.0,train
0.8596614517370276,0.3055061724698337,1.0,train
0.23509416166913943,0.32117827949570743,0.0,train
0.89188393908936,0.13512020421651882,1.0,train
0.515313166232999,0.776955676094892,1.0,train
0.5763414950105282,0.9717787538040026,1.0,train
0.2518145720315993,0.5794136210738419,0.0,train
0.2913270572489931,0.4387411034127626,0.0,train
0.13962280907061864,0.1698961162346232,1.0,train
0.7225383666779113,0.6402663481713684,0.0,train
0.6483350478985347,0.5391826012337091,0.0,train
0.941225486837811,0.39473622751089843,0.0,train
0.12137876863078556,0.06958203827486831,1.0,train
0.9658465602095813,0.2877435007186624,1.0,train
0.8967755003486017,0.4211890431749047,0.0,train
0.14986138071303123,0.7299357060910645,1.0,train
0.29714888876901147,0.8491178413102272,1.0,train
0.7602483117953582,0.6419569977818201,0.0,train
0.9007882185982272,0.5713344187707194,0.0,train
0.6020538271429909,0.4991052261058744,0.0,train
0.48510772792874546,0.030799098447237272,1.0,train
0.8340995470217348,0.42026921706706843,0.0,train
0.34323646591949364,0.4684199815132508,0.0,train
0.05368716768176007,0.7750367397596148,1.0,train
0.6457053824523469,0.3236495387254076,0.0,train
0.7224152604316721,0.5072544181571371,0.0,train
0.6258027818713076,0.07459814983512392,1.0,train
0.27301933745984885,0.6054357953939584,0.0,train
0.4842127049474768,0.4582421069600685,0.0,train
0.4763813895255997,0.8386849908428181,1.0,train
0.28891398264516566,0.6520716372590155,0.0,train
0.428777600020408,0.3206596738957229,0.0,train
0.3122640981726118,0.2672153821894757,1.0,train
0.6370559355654835,0.3750913185239516,0.0,train
0.49322093614414286,0.6423192382372463,0.0,train
0.014305289653845144,0.6256041881802777,1.0,train
0.8537149657473838,0.19880080477309636,1.0,train
0.8787581121278328,0.448204038273624,0.0,train
0.02927875712185324,0.6926032905969568,1.0,train
0.4288431149267795,0.5453221689276122,0.0,train
0.7181967336499105,0.15688220253394958,1.0,train
0.08939665659442975,0.5983064766144549,0.0,train
0.3554646074019895,0.5967957648491798,0.0,train
0.9284049960928369,0.14529302678238964,1.0,train
0.9046133180246188,0.226040333729022,1.0,train
0.8808666277161541,0.9701148572580967,1.0,train
0.3185617124079957,0.8425409427310186,1.0,train
0.48852270329628056,0.8358511192262522,1.0,train
0.5181423406720332,0.45549516661216627,0.0,train
0.6298063386908548,0.7792036868208664,1.0,train
0.06561467912098207,0.9390922254414724,1.0,train
0.104387908456404,0.6695680944856285,1.0,train
0.9160572498732672,0.5746588881404441,0.0,train
0.023894379560619683,0.9855863614285588,1.0,train
0.4862383009882598,0.1475310451345082,1.0,train
0.5314058696026677,0.6276915622987105,0.0,train
0.40968629954115365,0.8410055433015395,1.0,train
0.5197973085908415,0.030004781513913614,1.0,train
0.3146560204472759,0.38611052261397016,0.0,train
0.1857776386238904,0.5157094805669538,0.0,train
0.2693069306776734,0.5383795921816239,0.0,train
0.22319133840299066,0.9850318766772053,1.0,train
0.9283322826517602,0.35090444529828335,1.0,train
0.4176178008959649,0.8105438814041058,1.0,train
0.8975490376638873,0.9821815147811136,1.0,train
0.7193846242903683,0.22775539354442575,1.0,train
0.4213268624191763,0.010755666902479977,1.0,train
0.21024649599114453,0.06826312403325274,1.0,train
0.08743880981732588,0.4867773721310291,0.0,train
0.3341176544597708,0.38205068863932834,0.0,train
0.36444779805011096,0.7002346877353167,0.0,train
0.3505364678454983,0.14726313710345385,1.0,train
0.49744791091675267,0.2525842255236431,1.0,train
0.10713540405386346,0.5488213896978599,0.0,train
0.9530407313231263,0.17987098083165876,1.0,train
0.9876182432923312,0.5485343502377579,1.0,train
0.3416532148425796,0.10635721900637907,1.0,train
0.246247948664035,0.8595369745449364,1.0,train
0.7654920598781517,0.4797474489030964,0.0,train
0.8328395789628319,0.25812764614957373,1.0,train
0.6155364539454218,0.2909897908143596,0.0,train
0.5507817175117695,0.49397555081100797,0.0,train
0.9539834880218824,0.04559398827193961,1.0,train
0.11726255458696633,0.6874220144937805,1.0,train
0.7483613358069683,0.9049670661044186,1.0,train
0.37279046071783073,0.7020634935357245,0.0,train
0.3837072985365805,0.2516909453278735,1.0,train
0.782354495301286,0.9695402026777087,1.0,train
0.723904284575667,0.6877901894509105,0.0,train
0.09257915778938852,0.7178363798770585,1.0,train
0.4598995644038325,0.2586810763259929,1.0,train
0.7938548460069009,0.0006781499195669394,1.0,train
0.26832378969089843,0.28597893126985474,0.0,train
0.34507775844738464,0.09050468455720284,1.0,train
0.4203138127545777,0.20235827645027782,1.0,train
0.9885568767161647,0.6098578907421344,1.0,train
0.8943276870511936,0.15887118741326978,1.0,train
0.6772002354448055,0.9001014099965673,1.0,train
0.8388027058835711,0.009046386243856341,1.0,train
0.025554221632978602,0.01922038584187369,1.0,train
0.16293990598440533,0.18984320351444417,1.0,train
0.5806843086810118,0.46602959569395075,0.0,train
0.6573633177914864,0.14064319104040468,1.0,train
0.619167716738595,0.02365466557694018,1.0,train
0.09765523534297393,0.879490406441402,1.0,train
0.37333301925644247,0.6652188513865168,0.0,train
0.8069386785862818,0.3994005915646496,0.0,train
0.5005332106760135,0.0166669376596974,1.0,train
0.31446270968326495,0.1402304189777599,1.0,train
0.9820630669562226,0.9374110796458146,1.0,train
0.44267944512608337,0.600014057393894,0.0,train
0.9377430835948456,0.8292740952840822,1.0,train
0.5806848431363493,0.3455817584170716,0.0,train
0.349737914995505,0.9146393180692892,1.0,train
0.9303873479297858,0.38528880638659324,0.0,train
0.03669334659517587,0.18728045272772031,1.0,train
0.8896857625140216,0.9345636093181068,1.0,train
0.19445473595808382,0.7713871287807798,1.0,train
0.9702225846867896,0.402673876129921,1.0,train
0.8674667104660604,0.8279107327436228,1.0,train
0.7181971480288621,0.6483924771904664,0.0,train
0.806806089241481,0.08029277729898354,1.0,train
0.5799100911103281,0.41600247100146337,0.0,train
0.49885171525882366,0.9754957551238088,1.0,train
0.40235278769281,0.10149472740361132,1.0,train
0.5066066787151031,0.8913212202365608,1.0,train
0.19677561197349114,0.3489661177307922,0.0,train
0.45702293819575557,0.8613664238783743,1.0,train
0.5337992887993352,0.34086505423877134,0.0,train
0.3362665728100338,0.9771800232222727,1.0,train
0.44871145196660556,0.3824409767614054,0.0,train
0.7017410001485307,0.22166730214783914,1.0,train
0.2642615859578552,0.7990646076816654,1.0,train
0.3198153882532708,0.858657998927626,1.0,train
0.8162851003876488,0.5222838856567158,0.0,train
0.312035308190695,0.033007631426408945,1.0,train
0.2625722881011465,0.15443718167677256,1.0,train
0.9747483487958475,0.26818829875123973,1.0,train
0.8894665716881773,0.09764003068024618,1.0,train
0.650334352900725,0.8263396218179389,1.0,train
0.24881005008261103,0.6914039106629126,0.0,train
0.3934291376337171,0.7308213944557009,1.0,train
0.15131554041579143,0.6050870542213351,0.0,train
0.21755132560385826,0.5148139783627045,0.0,train
0.49792970302589823,0.12081538823182714,1.0,train
0.374710566345835,0.8877354802653317,1.0,train
0.5074955804182153,0.8193866366819211,1.0,train
0.6236537537880071,0.8692593444505627,1.0,train
0.5570275540945704,0.028780503038285166,1.0,train
0.54767410233489,0.9265787045517193,1.0,train
0.13527863512444915,0.044557522962410334,1.0,train
0.04441796580917423,0.4866899705858234,0.0,train
0.35994020801735216,0.8060988946221364,1.0,train
0.7228693025525056,0.8243397872480299,1.0,train
0.3769329295815732,0.9121551130171895,1.0,train
0.12006849703593536,0.6481013051017676,0.0,train
0.23345626643424033,0.23698370736056318,1.0,train
0.5372100885659141,0.5696515950264825,0.0,train
0.5486492259807798,0.21646171466303843,1.0,train
0.33222498218098784,0.41833844168103473,0.0,train
0.834536473613449,0.6080811264087161,0.0,train
0.927325627724293,0.5439414800020833,0.0,train
0.8929881887127301,0.33760389135901736,1.0,train
0.05982212955969224,0.565842586702292,0.0,train
0.01166570419365065,0.6739217749973727,1.0,train
0.748679298567617,0.3275701230910397,0.0,train
0.6420297624023465,0.3905813895446594,0.0,train
0.9864652885336672,0.9238707493773979,1.0,train
0.86238130605698,0.24522312009074365,1.0,train
0.13939141168431957,0.01786792850483665,1.0,train
0.5218590135660924,0.38569073994178416,0.0,train
0.7524369781937549,0.9632404300672005,1.0,train
0.756236774233123,0.86110092374402,1.0,train
0.765806305857064,0.22974117709967712,1.0,train
0.8693409187877901,0.1579487173765125,1.0,train
0.9111069038442267,0.062240802684907726,1.0,train
0.9211604856223996,0.5042703968555764,0.0,train
0.14360090318906238,0.9601741401587153,1.0,train
0.1244714443927376,0.40802077937317427,0.0,train
0.7271673332352253,0.037150130978991225,1.0,train
0.6945507276551015,0.735137313235515,1.0,train
0.33314043062682264,0.47722260903567015,0.0,train
0.4156198050004999,0.07254266661844011,1.0,train
0.9684662079353804,0.3427354902927955,1.0,train
0.972121043612476,0.146257212802808,1.0,train
0.8490447409464205,0.5014954001943063,0.0,train
0.26589383277384193,0.12674486928853246,1.0,train
0.32520711120298107,0.2277599329857296,1.0,train
0.37170977232876545,0.9871446573241702,1.0,train
0.3100050583946571,0.6904542951136747,0.0,train
0.8945060308418291,0.6338495903622978,0.0,train
0.598686591174056,0.6046169024996444,0.0,train
0.06813813308903316,0.8319006865616635,1.0,train
0.6894048363989345,0.9172169956493438,1.0,train
0.5964955430050928,0.052350314916721596,1.0,train
0.9795848111353546,0.6417651669156939,1.0,train
0.20679377922812203,0.22202773936798303,1.0,train
0.9324062158833928,0.16464988355517718,1.0,train
0.5433987826354199,0.4488170876442662,0.0,train
0.8228056377775516,0.26081379432354534,1.0,train
0.6041306286419226,0.00711025392276865,1.0,train
0.10273425687020254,0.11809033163721494,1.0,train
0.02153173280475673,0.8477451402332334,1.0,train
0.5943227300475795,0.487335984245829,0.0,train
0.8502505164470968,0.6083463531937296,0.0,train
0.8254853174593701,0.6893861991920653,0.0,train
0.6481544227438977,0.9240736401346984,1.0,train
0.6122903907279879,0.6914583791170297,0.0,train
0.980226477501088,0.3112134014292244,1.0,train
0.7537462432635597,0.4434866798962781,0.0,train
0.42553669394247995,0.6796306779207346,0.0,train
0.36888819782269244,0.6824121121806023,0.0,train
0.12406675266779732,0.2672789510660948,1.0,train
0.08971028619745047,0.867357216412758,1.0,train
0.06826693078468815,0.6119736420281201,0.0,train
0.9777059327202393,0.7406347284066186,1.0,train
0.6585440329820954,0.675249774623938,0.0,train
0.09147918895462559,0.5893151605260242,0.0,train
0.22085946314595373,0.5842102312030502,0.0,train
0.915867481435505,0.7673225842021257,1.0,train
0.7073161077447075,0.3097146399469257,0.0,train
0.7812823851376983,0.18681428951152335,1.0,train
0.47286411235061554,0.02162518483122211,1.0,train
0.5439925091120288,0.9070870574643077,1.0,train
0.9453106145376354,0.5732901865333182,0.0,train
0.5292987138022661,0.9294640978781503,1.0,train
0.9525965419553094,0.11899031486881839,1.0,train
0.6578286219563312,0.6302851009950168,0.0,train
0.1422997938798708,0.005849927973445079,1.0,train
0.719435038217617,0.5827149143547097,0.0,train
0.3284759453054171,0.7252327040113283,1.0,train
0.9965582282018274,0.41728868084417003,1.0,train
0.7485861299655927,0.028554728844003563,1.0,train
0.9797583366418695,0.5049572206239481,1.0,train
0.3230214721289426,0.516318336269136,0.0,train
0.5316700788304072,0.041730569639980564,1.0,train
0.4428177077833968,0.24369213417708002,1.0,train
0.48475829879671717,0.762824222695747,1.0,train
0.5993883469784117,0.747313360950367,1.0,train
0.5716236098696345,0.44463949721978135,0.0,train
0.514905793267795,0.4369824773845993,0.0,train
0.666380248446905,0.4624921117089841,0.0,train
0.5062519514238968,0.017519952123802862,1.0,train
0.4899349784198953,0.7333500841750641,1.0,train
0.5930512136179528,0.3884258766525617,0.0,train
0.41237419306723666,0.6819373391979022,0.0,train
0.5935896145042625,0.13039373855400394,1.0,train
0.24311233923089726,0.29847952020482393,0.0,train
0.001023274917881345,0.1878176802217465,1.0,train
0.11759935390639953,0.23683393102981498,1.0,train
0.0721357467065854,0.9015552865584323,1.0,train
0.1135479559352216,0.36739523441590527,0.0,train
0.30082413816553377,0.25604011581462205,1.0,train
0.6474900889514525,0.5685137095050214,0.0,train
0.08249341430423063,0.22595128160709388,1.0,train
0.5090980707773147,0.09937517223566827,1.0,train
0.7413065408819103,0.4740682221383721,0.0,train
0.8661397176318565,0.5286061818938392,0.0,train
0.8879093509863968,0.9062009655089631,1.0,train
0.6270368865718665,0.060846947105746674,1.0,train
0.5162087247993868,0.10429631571903031,1.0,train
0.6457722384620495,0.9780380081981066,1.0,train
0.6715643140817934,0.390809632398903,0.0,train
0.1551464938969015,0.8679641567929945,1.0,train
0.11486532428142993,0.03595735248094989,1.0,train
0.6368368058212148,0.5502506109010993,0.0,train
0.28345249275724815,0.9577948846596259,1.0,train
0.6457878349877644,0.12128016378126405,1.0,train
0.5483045974144831,0.829112629875997,1.0,train
0.07573498655755262,0.4851881798455949,0.0,train
0.4918262336369218,0.9923919309699901,1.0,train
0.31270441760395584,0.51106343723473,0.0,train
0.36689042700629615,0.736979412848318,1.0,train
0.17431422504485727,0.19989683138794678,1.0,train
0.730984993101867,0.39353582968445444,0.0,train
0.43285631026030436,0.8752991514236588,1.0,train
0.476510103527919,0.7204100843841129,0.0,train
0.011719551389357652,0.3083639538069701,1.0,train
0.6976813936640948,0.14873702706123926,1.0,train
0.5553051837898679,0.8590069875054133,1.0,train
0.8706035827857351,0.02488637644717473,1.0,train
0.4349069880995081,0.9129952891925336,1.0,train
0.7811230610201667,0.4058905202933286,0.0,train
0.566276653145679,0.08397053854689296,1.0,train
0.6308414270973395,0.19139599312776634,1.0,train
0.12670110575942528,0.4985258396105303,0.0,train
0.6725499010455068,0.6180919503368928,0.0,train
0.2811885786182148,0.4070510191500579,0.0,train
0.8266333735144722,0.3926660442227119,0.0,train
0.9725424350614306,0.9200366467096183,1.0,train
0.4400809336710806,0.46757123894766806,0.0,train
0.17029878585991454,0.5715952019215975,0.0,train
0.7204214583468292,0.06313219499026856,1.0,train
0.36088590880087623,0.9347737319580816,1.0,train
0.7215909102854647,0.4426344245166105,0.0,train
0.9432697153249091,0.5532453858055756,0.0,train
0.16720561305966697,0.3204948116040368,0.0,train
0.10685481814160114,0.8195638151633519,1.0,train
0.4172027060715716,0.9477218355172276,1.0,train
0.9813884850751438,0.7781219091959601,1.0,train
0.7488100008974735,0.6130343570265369,0.0,train
0.8990513823348183,0.7778232065620745,1.0,train
0.6480401542813934,0.8770909603645625,1.0,train
0.6046259243625675,0.5979289607986191,0.0,train
0.08260765855134955,0.12020872955298911,1.0,train
0.5881311756100069,0.3499638681871817,0.0,train
0.751108697163807,0.04428441627981472,1.0,train
0.5056722784815013,0.2157699279112506,1.0,train
0.05847206798617999,0.5307062993058229,0.0,train
0.866264205699941,0.9886658645046976,1.0,train
0.9420573501043835,0.09626735822655863,1.0,train
0.5197052449348141,0.39288989826302034,0.0,train
0.021627089886510964,0.36906047194080194,1.0,train
0.41674931585209196,0.3469385645194092,0.0,train
0.2728470402639914,0.5283713238136422,0.0,train
0.49633317044413394,0.39795627848570736,0.0,train
0.8280133908454153,0.15464395493094285,1.0,train
0.8766889185381351,0.5246876916793054,0.0,train
0.5424124195463965,0.19675048144546792,1.0,train
0.9740950885799385,0.17454199413861482,1.0,train
0.7198340051732178,0.78581652116053,1.0,train
0.13276833341372152,0.7020340856580586,1.0,train
0.2223524064333232,0.9458623498257963,1.0,train
0.6856601100373322,0.3905909761646389,0.0,train
0.7725564141646319,0.597521926831684,0.0,train
0.08519919897385608,0.39327639638472256,0.0,train
0.9297427558149295,0.604280642500605,0.0,train
0.21210779421237247,0.5799857095718975,0.0,train
0.9840849438813731,0.10747749942671359,1.0,train
0.6225995917118516,0.3044309243991792,0.0,train
0.8335891893053256,0.8007701898932664,1.0,train
0.9650706436865979,0.27060927377361166,1.0,train
0.48336776263669845,0.18202726688685944,1.0,train
0.6444997176306112,0.9056538865651305,1.0,train
0.015162762355437787,0.22568365439914684,1.0,train
0.840882635471716,0.2962405499319857,1.0,train
0.2836693532840422,0.6610153623450897,0.0,train
0.6244287052553109,0.4606356675668918,0.0,train
0.2221623321803018,0.03939621974353569,1.0,train
0.973430362369021,0.03946165377774613,1.0,train
0.5523571584618855,0.15200888269214752,1.0,train
0.7073569577030733,0.3390482771024915,0.0,train
0.12648631326472248,0.06134179702862874,1.0,train
0.7850299937295164,0.9377777382916187,1.0,train
0.6803299199563507,0.9672157353019354,1.0,train
0.8496468123030427,0.6071987858499519,0.0,train
0.021747786565490146,0.9998289485367944,1.0,train
0.9302941452909188,0.8668422848445171,1.0,train
0.9472506871680147,0.6134043757487372,1.0,train
0.9324106939740797,0.0528166616188388,1.0,train
0.5437161209039917,0.6356891770221528,0.0,train
0.11568971313485066,0.10463135119507105,1.0,train
0.09508935916294459,0.711762159013963,1.0,train
0.44224971274548486,0.3000346506382876,0.0,train
0.17179867250962955,0.31685117242263827,0.0,train
0.6508504130368764,0.8224348629973185,1.0,train
0.6535108552602399,0.7997341080825204,1.0,train
0.3463621472418096,0.9819737754401038,1.0,train
0.2802964555857005,0.9811835271956378,1.0,train
0.15529805023049748,0.1202913085855819,1.0,train
0.7822651637548569,0.3240532459089842,0.0,train
0.17346747571734122,0.8719969519592248,1.0,train
0.3301320866821431,0.84987362214081,1.0,train
0.682460610832586,0.10682344738428473,1.0,train
0.7377583668851198,0.09420080691264099,1.0,train
0.6741168658393003,0.3867809132021355,0.0,train
0.9356805077212177,0.19934184272464506,1.0,train
0.8507281495533704,0.6687190579191965,0.0,train
0.9773260133313008,0.922013505265599,1.0,train
0.2789153542190669,0.866394869864768,1.0,train
0.6690208732156601,0.9878471616788753,1.0,train
0.17440662395278683,0.31401809401041847,0.0,train
0.16279849903594013,0.5048139245314682,0.0,train
0.09067429523238324,0.30486947345359805,1.0,train
0.6083065169145058,0.33059890528653924,0.0,train
0.21675723669013003,0.8151406677636965,1.0,train
0.16024115064290467,0.28548450395812475,1.0,train
0.8768688198579117,0.17661851663631134,1.0,train
0.9106103172064638,0.38574114819786887,0.0,train
0.3888157590418878,0.24852791927019913,1.0,train
0.476038571263279,0.49336725971399775,0.0,train
0.3405594244303003,0.8414329624113922,1.0,train
0.6254699025924665,0.6396716842590557,0.0,train
0.6379569123992883,0.6708922407206118,0.0,train
0.39300186073272025,0.5690473126109252,0.0,train
0.747713614985383,0.9066532530322239,1.0,train
0.3126869682280423,0.9806723086118779,1.0,train
0.21631241284025604,0.9356221879409712,1.0,train
0.17247572613867612,0.949787389163602,1.0,train
0.027809709830527107,0.8656837323423257,1.0,train
0.9105409356444569,0.8384899872442894,1.0,train
0.8159619711289022,0.7641105651872072,1.0,train
0.26692175679945107,0.37540926407208786,0.0,train
0.5231541056448987,0.11979296080891322,1.0,train
0.3889790392389354,0.6945514063858625,0.0,train
0.9245436625397901,0.5564275317485311,0.0,train
0.6021763738774452,0.589158267142926,0.0,train
0.3321343686548478,0.864177202475699,1.0,train
0.46464154243286926,0.3961740128762774,0.0,train
0.09582245207326123,0.3112977567846854,1.0,train
0.6487516346628714,0.521894114954138,0.0,train
0.8472484068683411,0.014318773793425166,1.0,train
0.9334300983580732,0.5006845419347213,0.0,train
0.10210649439608865,0.41112543052893047,0.0,train
0.7822452324738323,0.08809874700277398,1.0,train
0.9062272229438071,0.16744755663826139,1.0,train
0.32850006974908086,0.06314515802196496,1.0,train
0.5766249736668037,0.20194102612954912,1.0,train
0.2333912676234584,0.4730688761729607,0.0,train
0.512222162109583,0.6307012214701216,0.0,train
0.9580911920957415,0.19162976359688566,1.0,test
0.39753255912303254,0.43908072159024114,0.0,test
0.9009100378449776,0.29244685643131574,1.0,test
0.5574702293997266,0.8225651367762283,1.0,test
0.18204720267010832,0.4533293829624232,0.0,test
0.5546945372613498,0.35687998080581107,0.0,test
0.4548822413786098,0.021805101684580386,1.0,test
0.6341583707738063,0.8341461589875363,1.0,test
0.6039057540501801,0.8789084549530517,1.0,test
0.2835610354557655,0.8838806638280197,1.0,test
0.9063990369732435,0.6465058934029791,0.0,test
0.20820959654415938,0.0643083402870015,1.0,test
0.8412420616946222,0.3159203801411393,0.0,test
0.595969343493278,0.310393089216494,0.0,test
0.2645476032004941,0.7105084029307502,0.0,test
0.5364607776976928,0.4032360013564207,0.0,test
0.8437732475800516,0.6863459224980227,0.0,test
0.6617459452107185,0.4609506298229029,0.0,test
0.06725359306385714,0.8155081786193118,1.0,test
0.8805411135264889,0.3234132708937505,1.0,test
0.887343363934332,0.21210214115616788,1.0,test
0.3807737898732476,0.5081213549289154,0.0,test
0.5240716594743382,0.05351280706839934,1.0,test
0.7797147726892676,0.6035565582966841,0.0,test
0.8945631992220506,0.3360387788675243,1.0,test
0.3395029208591458,0.060446521607007364,1.0,test
0.33714831786294575,0.44507145197963627,0.0,test
0.3256938713038975,0.9121321322046017,1.0,test
0.3242491741853586,0.04561249149851465,1.0,test
0.5690197522140903,0.017848116650536427,1.0,test
0.2789832785854831,0.27103561336888693,1.0,test
0.2405360936151646,0.46198270050351076,0.0,test
0.3596618227372176,0.93358097929769,1.0,test
0.8354992172872441,0.5614580088719575,0.0,test
0.764214906561844,0.7318439474041798,1.0,test
0.30160056685634906,0.12845464306823906,1.0,test
0.4430437784590032,0.12629546498319755,1.0,test
0.5416027910173703,0.33175837171256184,0.0,test
0.13203313129732874,0.4942927489568988,0.0,test
0.0016450267905804283,0.2198193385723607,1.0,test
0.009942276666109362,0.5947851608672697,1.0,test
0.17222778571366215,0.519875821115743,0.0,test
0.25137622672777205,0.3191443177869001,0.0,test
0.9569940424632997,0.5981054357410556,1.0,test
0.48132918476394837,0.6811066035632614,0.0,test
0.9733889139532845,0.4666615849466985,1.0,test
0.020564100989891476,0.2307359557709706,1.0,test
0.9843064150945021,0.2326185214191564,1.0,test
0.20296109805064377,0.37354611004259064,0.0,test
0.19701589111463447,0.6667133682184121,0.0,test
0.49541791618373165,0.448190883441712,0.0,test
0.515780494136415,0.5171341993225208,0.0,test
0.3071575224332356,0.616569687911829,0.0,test
0.3020746738914657,0.9993885803184898,1.0,test
0.5726587472215406,0.029590497198703325,1.0,test
0.9766393660509264,0.18473803251925147,1.0,test
0.38776784404208664,0.6497242642756352,0.0,test
0.25697177325378373,0.5071942868834601,0.0,test
0.09951850513233584,0.6152765608357795,0.0,test
0.3723221845609802,0.17459595346381418,1.0,test
0.6560140243511539,0.6627958269788122,0.0,test
0.6703324218959941,0.5221478799014976,0.0,test
0.24673028214122916,0.47868517988523873,0.0,test
0.9995563411513728,0.11943158434495793,1.0,test
0.5102477329520352,0.8939636691814975,1.0,test
0.9198033450317978,0.21846313490209057,1.0,test
0.9748166140465009,0.9272863435077102,1.0,test
0.26811084160163634,0.45840524472273925,0.0,test
0.4491505163504428,0.9133110115875476,1.0,test
0.8448616259205786,0.2537765085178705,1.0,test
0.8841451656656221,0.6835337048753997,1.0,test
0.9059004510525155,0.2409751220130344,1.0,test
0.15814363131758702,0.6596511908472033,0.0,test
0.590933392058374,0.12969839765684799,1.0,test
0.18413772276931584,0.10303680271021154,1.0,test
0.4912792457250251,0.408900294604125,0.0,test
0.22934388810174167,0.018222424495761613,1.0,test
0.23448483373275786,0.3207601174574163,0.0,test
0.6566685425223182,0.13728155994860858,1.0,test
0.8875921972052123,0.8383477244091884,1.0,test
0.6842414508495013,0.764321333858766,1.0,test
0.5904748416487585,0.5048721957089309,0.0,test
0.1224216444421925,0.09134451722288917,1.0,test
0.23059255265577383,0.07304699905669976,1.0,test
0.011715615470900942,0.02480915597536293,1.0,test
0.9237487802296713,0.6156145751552715,0.0,test
0.1374882313086293,0.7480932092075048,1.0,test
0.069883997481748,0.4113455329912271,0.0,test
0.9073840350247576,0.26318184902304986,1.0,test
0.868755102937434,0.6819409913245171,1.0,test
0.40007821256872356,0.31410355091016284,0.0,test
0.6127401091375724,0.9470054795060878,1.0,test
0.35215918025853277,0.8654641979913525,1.0,test
0.93751076186677,0.8263360684419768,1.0,test
0.7893962380265034,0.6187681575050871,0.0,test
0.9773426980165018,0.4093439509916299,1.0,test
0.15177421569142713,0.30082852298031304,1.0,test
0.21557561721923313,0.9059495178222365,1.0,test
0.48160609001016164,0.5285447894108736,0.0,test
0.14288178265445384,0.12624515298529593,1.0,test
0.6416472670729402,0.7450024755497252,1.0,test
0.6014603876675222,0.17598636672066714,1.0,test
0.04440427705575356,0.8851450381329268,1.0,test
0.8515523389693423,0.9360353800732305,1.0,test
0.6772483420347939,0.09629938813053462,1.0,test
0.39257626068083806,0.2569219583271283,1.0,test
0.5477969318208847,0.5986453191477948,0.0,test
0.18616824803168475,0.12203683795747422,1.0,test
0.5042268024043339,0.6114772927891148,0.0,test
0.18179121823559052,0.6591640819908382,0.0,test
0.733335235196321,0.08478908794961082,1.0,test
0.13884967788919056,0.1989885034538893,1.0,test
0.9146037527311076,0.07477321823683658,1.0,test
0.14818867724968943,0.6717156761391646,0.0,test
0.3119035759125386,0.1894679783392479,1.0,test
0.5394201093809132,0.9252651028437647,1.0,test
0.5630056320951086,0.6376141851999048,0.0,test
0.033021689357815465,0.47220816120945397,0.0,test
0.643979309736651,0.24771549124467396,1.0,test
0.3926494675050909,0.5259820202948681,0.0,test
0.38025266693932447,0.16043628976167967,1.0,test
0.8064391770551482,0.25322749444750003,1.0,test
0.4252712539168567,0.9385584241119937,1.0,test
0.40837031688830405,0.798585932001119,1.0,test
0.6073874894275197,0.9174462427233159,1.0,test
0.5932668365550808,0.003513090573316946,1.0,test
0.8132105996598081,0.11450368126939015,1.0,test
0.09727021326656493,0.9364831270494496,1.0,test
0.3946894828804254,0.4002542520566392,0.0,test
0.05655967195447742,0.613611551296732,1.0,test
0.9876257617661506,0.9029363412487167,1.0,test
0.9435397895782526,0.10801237921869367,1.0,test
0.5150689951713623,0.17743863254057002,1.0,test
0.8982930288857816,0.18460541429940003,1.0,test
0.3150759966425618,0.8607842652092835,1.0,test
0.8747291690335872,0.7992092770088061,1.0,test
0.9729185263312777,0.5445672030457218,1.0,test
0.13560699405183063,0.7378487578058851,1.0,test
0.7276293211651644,0.09107405773040977,1.0,test
0.6741883479813346,0.4227552603759579,0.0,test
0.09410938252860579,0.6983061054962781,1.0,test
0.3385767802504507,0.5530122840529581,0.0,test
0.26429425714498345,0.8530489060662686,1.0,test
0.6142569645913385,0.8913344651197479,1.0,test
0.7454626891536992,0.9529979065875851,1.0,test
0.9967212926796464,0.9945127254245276,1.0,test
0.9403169532579985,0.07984767149897865,1.0,test
0.2895932555114371,0.5659917173934061,0.0,test
0.9002160766605454,0.9083707602353526,1.0,test
0.9930958216764374,0.2570384770855715,1.0,test
0.21900336383793428,0.6246720522906839,0.0,test
0.7670386332751135,0.17603906881343323,1.0,test
0.004942944685761952,0.5270638131547818,1.0,test
0.9225323447439266,0.07324545439867414,1.0,test
0.9506059734052505,0.29748423351558484,1.0,test
0.7572142284183564,0.16606877878246595,1.0,test
0.26824286033089983,0.30146311721594765,0.0,test
0.17275897924826344,0.7683953966494785,1.0,test
0.22072731236238974,0.47603073213176017,0.0,test
0.3111689592973197,0.2108332024343984,1.0,test
0.22677529070678104,0.548572981426741,0.0,test
0.48489075560995454,0.5878478444349479,0.0,test
0.1439050215377078,0.7566185321949185,1.0,test
0.6640221409751131,0.7886577832010762,1.0,test
0.901935836300387,0.7838647595828417,1.0,test
0.11206254935475024,0.8933790582851752,1.0,test
0.9498513594493777,0.41554257281810925,0.0,test
0.5279300461506685,0.6705860877443388,0.0,test
0.06690483396310576,0.04030990040336657,1.0,test
0.03428984625989662,0.7736671786047695,1.0,test
0.3667109737317382,0.5186479075674015,0.0,test
0.26586682394984196,0.7364920277968562,1.0,test
0.2255122185123294,0.9109457708885762,1.0,test
0.7627087033434156,0.568781094352183,0.0,test
0.6219416941229314,0.7612157763193736,1.0,test
0.25135888466240885,0.36406423478280325,0.0,test
0.6781810557073681,0.5932625389890562,0.0,test
0.23990929457896204,0.648088718872258,0.0,test
0.06793396681687358,0.9108994042150989,1.0,test
0.4793182314444878,0.6455618480396758,0.0,test
0.2307510340825235,0.8095682461029652,1.0,test
0.23197440181968065,0.3269864492896809,0.0,test
0.5401609143794647,0.3349972668531822,0.0,test
0.6499652225810557,0.6428449062994629,0.0,test
0.5042961057247405,0.31516319267500137,0.0,test
0.7429880591662225,0.7176058121481963,1.0,test
0.13959226681854275,0.6676235452640538,0.0,test
0.841402051497781,0.9862069530617186,1.0,test
0.3477760942188377,0.23648864150169602,1.0,test
0.7646606480472135,0.9866593944395294,1.0,test
0.09674954261504354,0.018189469839508643,1.0,test
0.9053588411406006,0.46370845517237835,0.0,test
0.9918006983285451,0.23022676178908508,1.0,test
0.31378319046652525,0.6014794632348306,0.0,test
0.11401662650199962,0.1868057035951307,1.0,test
0.01373179955719428,0.20741279453787276,1.0,test
0.16507504905771442,0.9188874771053047,1.0,test
0.8703402526018748,0.4799406695477143,0.0,test
0.13502585749981388,0.3868268506267669,0.0,test
0.44348379568566954,0.4968339341482566,0.0,test
0.06038327857191872,0.5358249545045541,0.0,test
0.15331328974324432,0.508946348191049,0.0,test
0.7557203984595797,0.6844960369496743,0.0,test
0.3640292300170711,0.06476418072686363,1.0,test
0.22029501612627,0.7761114838653618,1.0,test
0.3021534259627212,0.673940263670228,0.0,test
0.08982633655344463,0.5424464938836338,0.0,test
0.7739419715921351,0.567519765044699,0.0,test
0.6680388223804351,0.2908782087480375,0.0,test
0.8446706814436485,0.41714082643707784,0.0,test
0.33082659099395306,0.9315227355715491,1.0,test
0.3605374240328749,0.5792976005699718,0.0,test
0.749405596712931,0.12930575963494473,1.0,test
0.32787345706627513,0.39407510250764444,0.0,test
0.7425123805708288,0.6740357071647698,0.0,test
0.37260580890273254,0.4630208657661349,0.0,test
0.06978133426244792,0.9708058060835847,1.0,test
0.24587132754449637,0.010702759417287155,1.0,test
0.27014761371409146,0.6806141291455188,0.0,test
0.5854975817949892,0.08756176566084672,1.0,test
0.13628681274121812,0.5942210633265728,0.0,test
0.4643197213357414,0.4536878970656142,0.0,test
0.19660484785353682,0.7971721936334863,1.0,test
0.877911927860836,0.21530412209048833,1.0,test
0.536393118162901,0.9693617935730153,1.0,test
0.8881972838565556,0.056669160151007425,1.0,test
0.5427354691774708,0.8272384070903114,1.0,test
0.6724956614511213,0.5750256685280923,0.0,test
0.3709368090553474,0.850728576322887,1.0,test
0.35867579705810615,0.172942188154673,1.0,test
0.5148941486196396,0.05155432961535189,1.0,test
0.4638164495800302,0.06972442096033094,1.0,test
0.4037056657056761,0.7223301078964073,0.0,test
0.6281006188872708,0.9958679881418067,1.0,test
0.26802537219902234,0.4589468649019852,0.0,test
0.8442231285237359,0.11943384016649417,1.0,test
0.281493988501871,0.32887898507043567,0.0,test
0.3164217128372868,0.08460563932642484,1.0,test
0.49474698518564375,0.8223905334783398,1.0,test
0.310694503211986,0.10503411373116522,1.0,test
0.15673806489519815,0.744479179190697,1.0,test
0.18636131997854077,0.06712799460989116,1.0,test
0.3370417482748973,0.9161736501874217,1.0,test
0.7382525912201263,0.7777416041568896,1.0,test
0.8670392085329193,0.3336844530768093,0.0,test
0.02411228564760104,0.20852543400823398,1.0,test
0.5689270842691799,0.8478280756041582,1.0,test
0.6478640959258166,0.5124392141005992,0.0,test
0.069321410614952,0.03946111841539213,1.0,test
0.29772712096150855,0.19721353722927348,1.0,test
0.27224330332950875,0.06251013631710933,1.0,test
0.05424308298628189,0.05771167648585884,1.0,test
0.14013791013081112,0.4123553538438567,0.0,test
0.42379588630302534,0.660115266268304,0.0,test
0.8193164945812079,0.37167248608935477,0.0,test
0.32246928938059716,0.8706598831164685,1.0,test
0.6434384317859366,0.026272586508958362,1.0,test
0.11077553243086302,0.6893255724396278,1.0,test
0.14677110929488735,0.4323212421639724,0.0,test
0.6850832787594928,0.44530873393241077,0.0,test
0.2898836440487398,0.14356041282848087,1.0,test
0.8853503069835227,0.08005569197188178,1.0,test
0.9992131897128518,0.7797289086956961,1.0,test
0.10049548825368226,0.28803975308334506,1.0,test
0.8294313908434845,0.7450838372019642,1.0,test
0.6504460775198992,0.8934204743524972,1.0,test
0.13401353056550602,0.42178446642724843,0.0,test
0.31433351852350977,0.41002571036409075,0.0,test
0.27791822070595695,0.07415995590454794,1.0,test
0.1885672460510034,0.4078836017204267,0.0,test
0.10928979707650532,0.05124317072788753,1.0,test
0.1405583068767664,0.003577758055271496,1.0,test
0.4356926262181292,0.07142112421209368,1.0,test
0.488399184588051,0.3862796854450955,0.0,test
0.9307027379663934,0.14935841389895965,1.0,test
0.638485679470259,0.5429900990736268,0.0,test
0.23204026998421712,0.9923865828397477,1.0,test
0.9869061437217316,0.8633183838749053,1.0,test
0.47619762898988804,0.07214227685377905,1.0,test
0.7783896983049893,0.22578368345585476,1.0,test
0.18633301288476378,0.6089849382601691,0.0,test
0.5321941793068031,0.36640281226572247,0.0,test
0.1808803052845528,0.11880961771334031,1.0,test
0.813701790074066,0.48170407330532106,0.0,test
0.7881908512172328,0.9056840553819472,1.0,test
0.38493272996132954,0.8987647980701722,1.0,test
0.10185022095118912,0.6941070496635486,1.0,test
0.9890850033377291,0.7608191114258076,1.0,test
0.37303514002580684,0.8621554458388262,1.0,test
0.8605585261613242,0.6027774598371197,0.0,test
0.6399784047225485,0.18383111918250572,1.0,test
0.4866678382673246,0.4574183179517529,0.0,test
0.7116113918102913,0.4706707058364554,0.0,test
0.7574880104956048,0.7386192636887678,1.0,test
0.4776695511417398,0.4722286503727706,0.0,test
0.15635804475944126,0.8485829965487454,1.0,test
0.32205936539406965,0.5208811810515785,0.0,test
0.6147880254786282,0.9956411255559106,1.0,test
0.20918754429459174,0.9440325249088897,1.0,test
0.015991440382073896,0.33264537280601414,1.0,test
0.9089895952164838,0.07632912940807146,1.0,test
0.15046308317379242,0.3804423873943579,0.0,test
0.7892802516896277,0.8136986542179373,1.0,test
0.8115033372696954,0.7696896833254094,1.0,test
0.8450851694746574,0.9566759538499578,1.0,test
0.1431526159415516,0.2176107672421177,1.0,test
0.6300911243152856,0.11458072484125592,1.0,test
0.20249976518665713,0.27995859029099346,1.0,test
0.6727805622483506,0.8095197363768665,1.0,test
0.24211967952393942,0.9232027924066462,1.0,test
0.020267883847477686,0.24317985484347182,1.0,test
0.2714620923933331,0.7923759940892985,1.0,test
0.3512060780972346,0.34111847247423754,0.0,test
0.5056734755331724,0.9995645134190738,1.0,test
0.6395146611202047,0.6661024090271735,0.0,test
0.5797914637240248,0.3562111853499703,0.0,test
0.81175215697435,0.15191026853988698,1.0,test
0.6597794832792289,0.7367321462545352,1.0,test
0.7840103528347416,0.10656587996540678,1.0,test
0.41324257232457706,0.3304436065658315,0.0,test
0.7723445016135205,0.7090113384445527,0.0,test
0.8934355383389387,0.9955284484820582,1.0,test
0.1579075027372019,0.6502921153281592,0.0,test
0.47092202768016644,0.3588897937872374,0.0,test
0.5147753533658486,0.1787321763484837,1.0,test
0.885878852752023,0.05650648154147653,1.0,test
0.5117718563825362,0.12331818480259449,1.0,test
0.038594073051529176,0.25832831024827474,1.0,test
0.8099109122625606,0.43849999069813783,0.0,test
0.24040454982391712,0.00919422684408644,1.0,test
0.10024434702849483,0.5568585011111616,0.0,test
0.2631174063196431,0.3116879462091777,0.0,test
0.9697832342343748,0.3847281044720571,1.0,test
0.1189877587376228,0.002622424012664437,1.0,test
0.8814598072095837,0.8452651921142189,1.0,test
0.5515166027118626,0.8723198909014015,1.0,test
0.631501506413629,0.26456097212135177,1.0,test
0.2368697785352859,0.03556441570301838,1.0,test
0.47602826641396,0.23480909479652945,1.0,test
0.9904999995596722,0.7215583695892563,1.0,test
0.0016800372923890805,0.57496192917414,1.0,test
0.758610595071406,0.41239066646354283,0.0,test
0.5637309451802608,0.017034369197646004,1.0,test
0.5947131577073458,0.7181011688440267,0.0,test
0.3396899748096939,0.9751376209001593,1.0,test
0.9135845861060159,0.7029955536692581,1.0,test
0.34002696857976367,0.445428935149053,0.0,test
0.002685800222923529,0.37799583692348493,1.0,test
0.7362836087202498,0.1601127441553909,1.0,test
0.6063588336916541,0.1600321166359333,1.0,test
0.8017117282577331,0.4768823203716196,0.0,test
0.8801536681491389,0.33250459716184644,0.0,test
0.35003967391710145,0.7569978433048975,1.0,test
0.8128944015272535,0.3461630707284413,0.0,test
0.6979390371848616,0.9436665148779141,1.0,test
0.06228365774335032,0.004677045516067846,1.0,test
0.8739168879090055,0.8793656974197441,1.0,test
0.8262680987449622,0.5806955228136021,0.0,test
0.5488443054830715,0.9407004832205793,1.0,test
0.15115080640609002,0.557838086280944,0.0,test
0.4298229129247546,0.7794392366710454,1.0,test
0.00219967187718928,0.6770755134242775,1.0,test
0.04999840012851897,0.44104060947655643,0.0,test
0.7567837326112212,0.5829045695914966,0.0,test
0.9973939184981282,0.5420474776469274,1.0,test
0.655989557320354,0.4058489618100829,0.0,test
0.48622894545618234,0.47532641385078156,0.0,test
0.8703447932703056,0.30903469994679544,1.0,test
0.3918188247553134,0.5275656506676203,0.0,test
0.981487277567758,0.5155890332511976,1.0,test
0.8367738394201689,0.6900918639851447,0.0,test
0.5113397539399528,0.07784591128434382,1.0,test
0.8243231440487924,0.4663864590583271,0.0,test
0.05289952081490301,0.3657552309311909,1.0,test
0.918042269113519,0.25231695045742975,1.0,test
0.28729704040429904,0.815846054740282,1.0,test
0.02358350431280376,0.45502199704788704,1.0,test
0.30915649946319,0.6500121630805141,0.0,test
0.8468773500897879,0.4944563919740197,0.0,test
0.12761060744940866,0.6773216652338261,1.0,test
0.4870367956752045,0.6555545617305191,0.0,test
0.04961387341381407,0.40173171375279293,1.0,test
0.8012095218095255,0.6716090167130496,0.0,test
0.8213972198558162,0.9752404342547132,1.0,test
0.4956548824580763,0.3624072376146862,0.0,test
0.9772857519819576,0.4100036139870916,1.0,test
0.6953542798577813,0.6843574476538021,0.0,test
0.3128437655986669,0.8642516669506234,1.0,test
0.4928184598568749,0.8125499673707817,1.0,test
0.5528292528957391,0.6950280369745268,0.0,test
0.5690786118867092,0.16534171623126093,1.0,test
0.5223369149039387,0.38531673235029906,0.0,test
0.8058235947078269,0.3641110931975864,0.0,test
0.764050505816823,0.13009699913384842,1.0,test
0.23495271599836365,0.5023757270577647,0.0,test
0.4062632157727353,0.24179648227250639,1.0,test
0.4563974446424207,0.5489112582825914,0.0,test
0.6349936288247491,0.660525134841676,0.0,test
0.459221309447544,0.24205114457395516,1.0,test
0.4668905347089336,0.937239395959672,1.0,test
0.006605376996960399,0.9373484258136119,1.0,test
0.1517344415832641,0.04408377593325141,1.0,test
0.5826288249897889,0.07899545200053426,1.0,test
0.7633167039601454,0.5632525779579657,0.0,test
0.8571349865775066,0.38564940287478866,0.0,test
0.7503485644787928,0.944428391360715,1.0,test
0.6667539688150321,0.33736171860258435,0.0,test
0.7156226634546031,0.036951081940474806,1.0,test
0.33383174385313363,0.36903341560162506,0.0,test
0.8436462960575007,0.6750584750294525,0.0,test
0.9825714724191633,0.4605169443646353,1.0,test
0.8006310327725379,0.9041484900744595,1.0,test
0.8693212327361676,0.3284538860734475,0.0,test
0.4922625522305004,0.09334421025011186,1.0,test
0.05672687338281801,0.9522634597927316,1.0,test
0.6705290888412874,0.7510227175042744,1.0,test
0.3770587402597396,0.6802271419785876,0.0,test
0.05008163083832817,0.7396170499848488,1.0,test
0.9261338570036567,0.3979238446624659,0.0,test
0.7335565939238282,0.7277857356189412,1.0,test
0.15142869640604317,0.03697965353918731,1.0,test
0.3181972826441013,0.16806525363485492,1.0,test
0.5786795485468005,0.21280912587828904,1.0,test
0.9233809316978264,0.9959823503913492,1.0,test
0.5771205927438412,0.019667624694228447,1.0,test
0.33289947877046133,0.7475841346585111,1.0,test
0.4164197087885966,0.3295086595768859,0.0,test
0.7092007017763453,0.2853477271165862,0.0,test
0.3119564308645486,0.13925621746698047,1.0,test
0.4667290708317652,0.26817660077722383,1.0,test
0.7412167404621143,0.09299862335866704,1.0,test
0.48676160507246147,0.9331168050808344,1.0,test
0.5481186727773129,0.3609228896480501,0.0,test
0.45601388079266214,0.8985272133236344,1.0,test
0.6714605213834635,0.9373747230903218,1.0,test
0.6304543918564046,0.44996688210565416,0.0,test
0.21997495550924873,0.36968007104320977,0.0,test
0.0038298244544628934,0.6451132852469897,1.0,test
0.4698132998891288,0.634912366017772,0.0,test
0.7612117236088232,0.600813094439717,0.0,test
0.5843946964314306,0.5667703360022625,0.0,test
0.1451831465944723,0.5920803467497058,0.0,test
0.7266854629989425,0.08890534723703436,1.0,test
0.4736974878787319,0.4844509345354956,0.0,test
0.17364940368010295,0.5006816956515404,0.0,test
0.25901180240211874,0.9661757416930171,1.0,test
0.05389445413038918,0.8244529661935907,1.0,test
0.5481466918693448,0.8663075672667053,1.0,test
0.8255456412705269,0.4889800124648599,0.0,test
0.3323303241273742,0.7487523136703841,1.0,test
0.33232044365605173,0.6534000113189571,0.0,test
0.6857364148301303,0.11618228132663944,1.0,test
0.5067496660441403,0.8012432517730224,1.0,test
0.08012348948397763,0.896656902008653,1.0,test
0.7236663073454803,0.9938266580908797,1.0,test
0.2979268532200461,0.7441260876680428,1.0,test
0.26473537372075406,0.8974315980758832,1.0,test
0.046708635578346924,0.020146026236682824,1.0,test
0.9206333608894646,0.30519775996138976,1.0,test
0.6841353249809264,0.94368409719737,1.0,test
0.21371964168464075,0.4945813839454446,0.0,test
0.4129196401013333,0.07401745448430985,1.0,test
0.13682635294512058,0.1586664763378839,1.0,test
0.1670671596293689,0.4851752219288985,0.0,test
0.22790569439415242,0.30659448315377447,0.0,test
0.4486551118525356,0.5677639172603837,0.0,test
0.6363980263458339,0.7199431611985565,0.0,test
0.6748853535245026,0.4081340752224608,0.0,test
0.8779033427302921,0.9331295152826972,1.0,test
0.6473284988080867,0.6593473775670777,0.0,test
0.016668885387253418,0.687635625597257,1.0,test
0.714602267122079,0.7564194379263672,1.0,test
0.6433204030324596,0.6901819083246152,0.0,test
0.49185346843194444,0.3936343630698733,0.0,test
0.7420873174083171,0.5104232702944276,0.0,test
0.8744089905309983,0.06788503182145555,1.0,test
0.7878939034558547,0.36101353675053205,0.0,test
0.14281964119149726,0.13066270081344789,1.0,test
0.009960675754582482,0.48093463361483324,1.0,test
0.8998820179144735,0.11863703711242113,1.0,test
0.30528694958903324,0.7290487612812707,1.0,test
0.3045804595401873,0.27109275376933517,1.0,test
0.446474128383171,0.4943129719028557,0.0,test
3.635300195770075e-05,0.1266244748265658,1.0,test
0.8686592242329261,0.18308534713455693,1.0,test
0.006852209064111325,0.14615304638756377,1.0,test
0.1796166526138464,0.5760223618640256,0.0,test
0.9012495145582885,0.648437533147477,0.0,test
0.4703799351824004,0.8075219424775524,1.0,test
0.3331558413254613,0.09566289857669108,1.0,test
0.8476083197835635,0.36327470197214495,0.0,test
0.5410163081231776,0.9975117458650176,1.0,test
0.17522144353974556,0.5324646082474214,0.0,test
0.23640856250773,0.5577695119412921,0.0,test
0.14051546799640713,0.5106142948820375,0.0,test
0.9395914458207648,0.9649341917502319,1.0,test
0.6730213220754845,0.2113796846983358,1.0,test
0.347151995586902,0.9179398530687337,1.0,test
0.11548883365136842,0.8594386380434331,1.0,test
0.11482140046522527,0.38634387707606177,0.0,test
